<?xml version="1.0" encoding="UTF-8"?>
<GenRun Id="impl_1" LaunchPart="xc7a35tcpg236-1" LaunchTime="1663693218">
  <File Type="ROUTE-PWR" Name="Simple_Test_VGA_power_routed.rpt"/>
  <File Type="PA-TCL" Name="Simple_Test_VGA.tcl"/>
  <File Type="ROUTE-PWR-SUM" Name="Simple_Test_VGA_power_summary_routed.pb"/>
  <File Type="REPORTS-TCL" Name="Simple_Test_VGA_reports.tcl"/>
  <File Type="BITSTR-MSK" Name="Simple_Test_VGA.msk"/>
  <File Type="ROUTE-CLK" Name="Simple_Test_VGA_clock_utilization_routed.rpt"/>
  <File Type="RDI-RDI" Name="Simple_Test_VGA.vdi"/>
  <File Type="BG-BIT" Name="Simple_Test_VGA.bit"/>
  <File Type="BG-DRC" Name="Simple_Test_VGA.drc"/>
  <File Type="BG-BGN" Name="Simple_Test_VGA.bgn"/>
  <File Type="BG-BIN" Name="Simple_Test_VGA.bin"/>
  <File Type="BITSTR-RBT" Name="Simple_Test_VGA.rbt"/>
  <File Type="BITSTR-NKY" Name="Simple_Test_VGA.nky"/>
  <File Type="BITSTR-BMM" Name="Simple_Test_VGA_bd.bmm"/>
  <File Type="ROUTE-METHODOLOGY-DRC" Name="Simple_Test_VGA_methodology_drc_routed.rpt"/>
  <File Type="BITSTR-MMI" Name="Simple_Test_VGA.mmi"/>
  <File Type="BITSTR-SYSDEF" Name="Simple_Test_VGA.sysdef"/>
  <File Type="BITSTR-LTX" Name="debug_nets.ltx"/>
  <File Type="BITSTR-LTX" Name="Simple_Test_VGA.ltx"/>
  <File Type="WBT-USG" Name="usage_statistics_webtalk.html"/>
  <File Type="OPT-DRC" Name="Simple_Test_VGA_drc_opted.rpt"/>
  <File Type="OPT-HWDEF" Name="Simple_Test_VGA.hwdef"/>
  <File Type="PLACE-IO" Name="Simple_Test_VGA_io_placed.rpt"/>
  <File Type="PLACE-UTIL" Name="Simple_Test_VGA_utilization_placed.rpt"/>
  <File Type="PLACE-UTIL-PB" Name="Simple_Test_VGA_utilization_placed.pb"/>
  <File Type="PLACE-CTRL" Name="Simple_Test_VGA_control_sets_placed.rpt"/>
  <File Type="PLACE-PRE-SIMILARITY" Name="Simple_Test_VGA_incremental_reuse_pre_placed.rpt"/>
  <File Type="ROUTE-DRC" Name="Simple_Test_VGA_drc_routed.rpt"/>
  <File Type="ROUTE-DRC-PB" Name="Simple_Test_VGA_drc_routed.pb"/>
  <File Type="ROUTE-PWR-RPX" Name="Simple_Test_VGA_power_routed.rpx"/>
  <File Type="ROUTE-STATUS" Name="Simple_Test_VGA_route_status.rpt"/>
  <File Type="ROUTE-STATUS-PB" Name="Simple_Test_VGA_route_status.pb"/>
  <File Type="ROUTE-DCP" Name="Simple_Test_VGA_routed.dcp"/>
  <File Type="ROUTE-ERROR-DCP" Name="Simple_Test_VGA_routed_error.dcp"/>
  <File Type="ROUTE-BLACKBOX-DCP" Name="Simple_Test_VGA_routed_bb.dcp"/>
  <File Type="ROUTE-TIMINGSUMMARY" Name="Simple_Test_VGA_timing_summary_routed.rpt"/>
  <File Type="ROUTE-TIMING-PB" Name="Simple_Test_VGA_timing_summary_routed.pb"/>
  <File Type="ROUTE-TIMING-RPX" Name="Simple_Test_VGA_timing_summary_routed.rpx"/>
  <File Type="ROUTE-BUS-SKEW" Name="Simple_Test_VGA_bus_skew_routed.rpt"/>
  <File Type="ROUTE-BUS-SKEW-PB" Name="Simple_Test_VGA_bus_skew_routed.pb"/>
  <File Type="ROUTE-BUS-SKEW-RPX" Name="Simple_Test_VGA_bus_skew_routed.rpx"/>
  <File Type="OPT-DCP" Name="Simple_Test_VGA_opt.dcp"/>
  <File Type="PLACE-DCP" Name="Simple_Test_VGA_placed.dcp"/>
  <File Type="PWROPT-DCP" Name="Simple_Test_VGA_pwropt.dcp"/>
  <File Type="POSTPLACE-PWROPT-DCP" Name="Simple_Test_VGA_postplace_pwropt.dcp"/>
  <File Type="PHYSOPT-DCP" Name="Simple_Test_VGA_physopt.dcp"/>
  <File Type="POSTROUTE-PHYSOPT-DCP" Name="Simple_Test_VGA_postroute_physopt.dcp"/>
  <File Type="POSTROUTE-PHYSOPT-BLACKBOX-DCP" Name="Simple_Test_VGA_postroute_physopt_bb.dcp"/>
  <File Type="ROUTE-METHODOLOGY-DRC-PB" Name="Simple_Test_VGA_methodology_drc_routed.pb"/>
  <File Type="ROUTE-DRC-RPX" Name="Simple_Test_VGA_drc_routed.rpx"/>
  <File Type="ROUTE-METHODOLOGY-DRC-RPX" Name="Simple_Test_VGA_methodology_drc_routed.rpx"/>
  <File Type="PDI-FILE" Name="Simple_Test_VGA.pdi"/>
  <File Type="RCFI_FILE" Name="Simple_Test_VGA.rcfi"/>
  <File Type="CFI_FILE" Name="Simple_Test_VGA.cfi"/>
  <File Type="RNPI_FILE" Name="Simple_Test_VGA.rnpi"/>
  <File Type="NPI_FILE" Name="Simple_Test_VGA.npi"/>
  <File Type="RBD_FILE" Name="Simple_Test_VGA.rbd"/>
  <FileSet Name="sources" Type="DesignSrcs" RelSrcDir="$PSRCDIR/sources_1" RelGenDir="$PGENDIR/sources_1">
    <Filter Type="Srcs"/>
    <File Path="$PSRCDIR/sources_1/new/Rom_Alien.vhd">
      <FileInfo>
        <Attr Name="ImportPath" Val="$PPRDIR/../../../../../../../../Desktop/VGA/VGA.srcs/sources_1/new/Rom_Alien.vhd"/>
        <Attr Name="ImportTime" Val="1662576769"/>
        <Attr Name="UsedIn" Val="synthesis"/>
        <Attr Name="UsedIn" Val="simulation"/>
      </FileInfo>
    </File>
    <File Path="$PSRCDIR/sources_1/imports/Desktop/debounce.vhd">
      <FileInfo>
        <Attr Name="ImportPath" Val="$PPRDIR/../../../../../../../../Desktop/debounce.vhd"/>
        <Attr Name="ImportTime" Val="1663007986"/>
        <Attr Name="UsedIn" Val="synthesis"/>
        <Attr Name="UsedIn" Val="simulation"/>
      </FileInfo>
    </File>
    <File Path="$PSRCDIR/sources_1/new/draw_alien.vhd">
      <FileInfo>
        <Attr Name="ImportPath" Val="$PPRDIR/../../../../../../../../Desktop/VGA/VGA.srcs/sources_1/new/draw_alien.vhd"/>
        <Attr Name="ImportTime" Val="1663082205"/>
        <Attr Name="UsedIn" Val="synthesis"/>
        <Attr Name="UsedIn" Val="simulation"/>
      </FileInfo>
    </File>
    <File Path="$PSRCDIR/sources_1/new/draw_alien_2.vhd">
      <FileInfo>
        <Attr Name="ImportPath" Val="$PPRDIR/../../../../../../../../Desktop/VGA/VGA.srcs/sources_1/new/draw_alien_2.vhd"/>
        <Attr Name="ImportTime" Val="1663082205"/>
        <Attr Name="UsedIn" Val="synthesis"/>
        <Attr Name="UsedIn" Val="simulation"/>
      </FileInfo>
    </File>
    <File Path="$PSRCDIR/sources_1/new/draw_nave.vhd">
      <FileInfo>
        <Attr Name="ImportPath" Val="$PPRDIR/../../../../../../../../Desktop/VGA/VGA.srcs/sources_1/new/draw_nave.vhd"/>
        <Attr Name="ImportTime" Val="1662677255"/>
        <Attr Name="UsedIn" Val="synthesis"/>
        <Attr Name="UsedIn" Val="simulation"/>
      </FileInfo>
    </File>
    <File Path="$PSRCDIR/sources_1/imports/Desktop/ps2_keyboard.vhd">
      <FileInfo>
        <Attr Name="ImportPath" Val="$PPRDIR/../../../../../../../../Desktop/ps2_keyboard.vhd"/>
        <Attr Name="ImportTime" Val="1663009678"/>
        <Attr Name="UsedIn" Val="synthesis"/>
        <Attr Name="UsedIn" Val="simulation"/>
      </FileInfo>
    </File>
    <File Path="$PSRCDIR/sources_1/imports/Desktop/ps2_keyboard_to_ascii.vhd">
      <FileInfo>
        <Attr Name="ImportPath" Val="$PPRDIR/../../../../../../../../Desktop/ps2_keyboard_to_ascii.vhd"/>
        <Attr Name="ImportTime" Val="1663014285"/>
        <Attr Name="UsedIn" Val="synthesis"/>
        <Attr Name="UsedIn" Val="simulation"/>
      </FileInfo>
    </File>
    <File Path="$PSRCDIR/sources_1/new/rom_Alien_2.vhd">
      <FileInfo>
        <Attr Name="ImportPath" Val="$PPRDIR/../../../../../../../../Desktop/VGA/VGA.srcs/sources_1/new/rom_Alien_2.vhd"/>
        <Attr Name="ImportTime" Val="1662664696"/>
        <Attr Name="UsedIn" Val="synthesis"/>
        <Attr Name="UsedIn" Val="simulation"/>
      </FileInfo>
    </File>
    <File Path="$PSRCDIR/sources_1/new/rom_nave.vhd">
      <FileInfo>
        <Attr Name="ImportPath" Val="$PPRDIR/../../../../../../../../Desktop/VGA/VGA.srcs/sources_1/new/rom_nave.vhd"/>
        <Attr Name="ImportTime" Val="1662675131"/>
        <Attr Name="UsedIn" Val="synthesis"/>
        <Attr Name="UsedIn" Val="simulation"/>
      </FileInfo>
    </File>
    <File Path="$PSRCDIR/sources_1/imports/Desktop/Cuadro cambio color/vga_ctrl_640x480_60Hz.vhd">
      <FileInfo>
        <Attr Name="ImportPath" Val="$PPRDIR/../../../../../../../../../../../../../../Desktop/Cuadro cambio color/vga_ctrl_640x480_60Hz.vhd"/>
        <Attr Name="ImportTime" Val="1661886540"/>
        <Attr Name="UsedIn" Val="synthesis"/>
        <Attr Name="UsedIn" Val="simulation"/>
      </FileInfo>
    </File>
    <File Path="$PSRCDIR/sources_1/imports/Desktop/Cuadro cambio color/Simple_Test_VGA.vhd">
      <FileInfo>
        <Attr Name="ImportPath" Val="$PPRDIR/../../../../../../../../../../../../../../Desktop/Cuadro cambio color/Simple_Test_VGA.vhd"/>
        <Attr Name="ImportTime" Val="1663083437"/>
        <Attr Name="UsedIn" Val="synthesis"/>
        <Attr Name="UsedIn" Val="simulation"/>
      </FileInfo>
    </File>
    <File Path="$PSRCDIR/sources_1/imports/HP/Desktop/VGA/archive_project_summary.txt">
      <FileInfo>
        <Attr Name="ImportPath" Val="$PPRDIR/../../../../../../../../Desktop/VGA/archive_project_summary.txt"/>
        <Attr Name="ImportTime" Val="1663085002"/>
      </FileInfo>
    </File>
    <File Path="$PSRCDIR/sources_1/new/draw_bullet.vhd">
      <FileInfo>
        <Attr Name="AutoDisabled" Val="1"/>
        <Attr Name="ImportPath" Val="$PPRDIR/../../../../../../../../Desktop/VGA/VGA.srcs/sources_1/new/draw_bullet.vhd"/>
        <Attr Name="ImportTime" Val="1663796155"/>
        <Attr Name="UsedIn" Val="synthesis"/>
        <Attr Name="UsedIn" Val="simulation"/>
      </FileInfo>
    </File>
    <File Path="$PSRCDIR/sources_1/new/rom_bullet.vhd">
      <FileInfo>
        <Attr Name="AutoDisabled" Val="1"/>
        <Attr Name="ImportPath" Val="$PPRDIR/../../../../../../../../Desktop/VGA/VGA.srcs/sources_1/new/rom_bullet.vhd"/>
        <Attr Name="ImportTime" Val="1663795607"/>
        <Attr Name="UsedIn" Val="synthesis"/>
        <Attr Name="UsedIn" Val="simulation"/>
      </FileInfo>
    </File>
    <File Path="$PSRCDIR/sources_1/imports/HP/Downloads/display34segm2.vhd">
      <FileInfo>
        <Attr Name="AutoDisabled" Val="1"/>
        <Attr Name="ImportPath" Val="$PPRDIR/../../../../../../../../Downloads/display34segm2.vhd"/>
        <Attr Name="ImportTime" Val="1663688779"/>
        <Attr Name="UsedIn" Val="synthesis"/>
        <Attr Name="UsedIn" Val="simulation"/>
      </FileInfo>
    </File>
    <Config>
      <Option Name="DesignMode" Val="RTL"/>
      <Option Name="TopModule" Val="Simple_Test_VGA"/>
      <Option Name="TopAutoSet" Val="TRUE"/>
    </Config>
  </FileSet>
  <FileSet Name="constrs_in" Type="Constrs" RelSrcDir="$PSRCDIR/constrs_1">
    <Filter Type="Constrs"/>
    <File Path="$PSRCDIR/constrs_1/imports/Desktop/constrain.xdc">
      <FileInfo>
        <Attr Name="ImportPath" Val="$PPRDIR/../../../../../../../../Desktop/constrain.xdc"/>
        <Attr Name="ImportTime" Val="1663080352"/>
        <Attr Name="UsedIn" Val="synthesis"/>
        <Attr Name="UsedIn" Val="implementation"/>
      </FileInfo>
    </File>
    <Config>
      <Option Name="ConstrsType" Val="XDC"/>
    </Config>
  </FileSet>
  <FileSet Name="utils" Type="Utils" RelSrcDir="$PSRCDIR/utils_1">
    <Filter Type="Utils"/>
    <Config>
      <Option Name="TopAutoSet" Val="TRUE"/>
    </Config>
  </FileSet>
  <Strategy Version="1" Minor="2">
    <StratHandle Name="Vivado Implementation Defaults" Flow="Vivado Implementation 2020"/>
    <Step Id="init_design"/>
    <Step Id="opt_design"/>
    <Step Id="power_opt_design"/>
    <Step Id="place_design"/>
    <Step Id="post_place_power_opt_design"/>
    <Step Id="phys_opt_design"/>
    <Step Id="route_design"/>
    <Step Id="post_route_phys_opt_design"/>
    <Step Id="write_bitstream"/>
    <Step Id="write_device_image"/>
  </Strategy>
</GenRun>
